<?xml version="1.0" encoding="UTF-8"?>
<project-private xmlns="http://www.netbeans.org/ns/project-private/1">
    <editor-bookmarks xmlns="http://www.netbeans.org/ns/editor-bookmarks/2" lastBookmarkId="0"/>
    <open-files xmlns="http://www.netbeans.org/ns/projectui-open-files/2">
        <group>
            <file>file:/C:/Users/Jordan/Desktop/CS340%20Sortable/src/cs340/sortable/HeapSort.java</file>
            <file>file:/C:/Users/Jordan/Desktop/CS340%20Sortable/src/cs340/sortable/CS340Sortable.java</file>
        </group>
    </open-files>
</project-private>
